Timestamp,Életkora,Neme,Lakhelyének irányítószáma,Legmagasabb iskolai végzettsége,Hány éve szolgál?,Rendfokozata,Mennyire ismeri vagy használja a drónokat?,Az Ön civil munkaerőpiaci státusza,Az Ön átlagos havi nettó civil keresete (kérjük Magyar Foritban adja meg a kézhez kapott összeget),Az Ön civil munkahelyének mérete (ha alkalmazható),Az Ön civil munkahelyének tulajdonosi jellege (ha alkalmazható),Az Ön civil munkahelyének jogi formája (ha alkalmazható),"A drónok használatával sokkal jobban fel tudjuk deríteni a terepet, és pontosabban látjuk, mi történik körülöttünk.","A drónok megvédik a katonákat, mert nem kell személyesen bemennünk a legveszélyesebb helyzetekbe.","A raj és a szakasz gyorsabban tud dönteni és cselekedni, ha drónok is segítik a feladatot.",A modern eszközök (például a drónok) miatt több fiatal akar majd csatlakozni az önkéntes tartalékosokhoz.,"A jelenlegi, rövid idejű kiképzések alatt nincs elég idő arra, hogy rendesen megtanuljuk a drónok kezelését.","A különböző életkorú katonák nem egyformán értenek a digitális eszközökhöz, és ez gondot okozhat a használat során.","A terepen nehéz megoldani a drónok töltését és folyamatos karbantartását, így nem tudjuk őket megszakítás nélkül használni.",A drónirányítók és a földi csapatok közötti rossz kommunikáció miatt a fontos információk nem jutnak el időben a megfelelő helyre.,A civil életben (hobbiként vagy munkaként) szerzett drónos tudást a sereg nagyon jól és gyorsan tudná használni.,"A drónok miatt új, érdekesebb beosztások jöhetnek létre a tartalékos rendszernél (például drónkezelő).","A civilek jobban elismernék a tartalékosokat, ha látnák, hogy drónokkal segítünk például egy árvízi védekezésben vagy katasztrófánál.",A hazai haditechnikai fejlesztések révén a tartalékosok is könnyebben hozzájuthatnak a legújabb modern eszközökhöz.,Az ellenség zavaróberendezései könnyen használhatatlanná tehetik vagy megzavarhatják az egyszerűbb drónokat a harctéren.,A drónok használata miatt az ellenség könnyebben lehallgathat minket vagy feltörheti a rendszereinket.,"A szigorú légtér- és jogszabályok miatt nehéz lesz engedélyt kapni arra, hogy a terepen, a valóságban is sokat gyakorolhassunk velük.","Ha a katonák túlságosan hozzászoknak a technika nyújtotta kényelemhez, elfelejthetik az alapvető harcászati és tájékozódási szabályokat."
27/07/2026 14:37:52,49,Férfi,4461,"Tudományos fokozat (PhD, DLA)",5,Őrnagy,"Láttam már, vagy hallottam róluk a médiában / környezetemben",Alkalmazott / (Köz) Foglalkoztatott / Segítő,520000,Középvállalkozás (50–249 fő),Állami-közszféra,Oktatási intézmény,6,7,7,5,7,7,5,2,6,6,7,3,5,3,6,1
27/07/2026 14:48:01,44,Férfi,7761,"Felsőfokú végzettség (diploma, BSc/BA, MSc/MA)",9,Hadnagy,Rendszeresen használok drónt (pl. hobby vagy munka céljából),Alkalmazott / (Köz) Foglalkoztatott / Segítő,850000,Nagyvállalat (250+ fő),Állami-közszféra,Egyetem,7,7,7,5,7,3,5,5,6,7,7,7,6,2,7,3
27/07/2026 14:55:25,45,Nő,4400,"Felsőfokú végzettség (diploma, BSc/BA, MSc/MA)",7,Főhadnagy,"Láttam már, vagy hallottam róluk a médiában / környezetemben",Inaktív,600000,,,,7,4,5,5,7,7,5,5,6,6,6,6,6,4,7,5
27/07/2026 14:59:04,51,Nő,4400,Érettségi (középiskola),6,Főtörzsőrmester,"Láttam már, vagy hallottam róluk a médiában / környezetemben",Alkalmazott / (Köz) Foglalkoztatott / Segítő,500000,Nagyvállalat (250+ fő),Állami-közszféra,EV (Egyéni vállalkozó),7,7,7,7,7,7,7,7,7,7,7,7,7,7,7,7
27/07/2026 15:06:06,40,Férfi,9400,"Felsőfokú végzettség (diploma, BSc/BA, MSc/MA)",8,Főhadnagy,"Láttam már, vagy hallottam róluk a médiában / környezetemben",Egyéni vállalkozó,900000,Mikrovállalkozás (1–9 fő),Magyar tulajdonú,EV (Egyéni vállalkozó),7,7,7,7,7,2,4,4,7,7,7,5,6,1,2,1
27/07/2026 16:09:32,20,Nő,3909,Érettségi (középiskola),0,Közkatona,Kezeltem már drónt rövidebb ideig (pl. ismerősnél),Inaktív,0,,,,6,5,5,3,7,6,7,4,6,5,2,3,3,5,5,2
27/07/2026 17:01:08,20,Nő,1041,Érettségi (középiskola),0,Közkatona,"Láttam már, vagy hallottam róluk a médiában / környezetemben",Inaktív,-,,,,7,7,7,6,5,7,7,1,3,7,1,6,7,6,7,6
27/07/2026 17:01:31,19,Nő,1156,Érettségi (középiskola),0,Közkatona,Kezeltem már drónt rövidebb ideig (pl. ismerősnél),Alkalmazott / (Köz) Foglalkoztatott / Segítő,2000000,Mikrovállalkozás (1–9 fő),Magyar tulajdonú,EV (Egyéni vállalkozó),7,7,7,7,5,7,1,1,7,7,1,3,7,1,1,3
27/07/2026 17:01:54,20,Nő,1075,Érettségi (középiskola),0,Közkatona,Soha nem találkoztam / nem foglalkoztam velük,Alkalmazott / (Köz) Foglalkoztatott / Segítő,450000,Nagyvállalat (250+ fő),Magyar tulajdonú,Hallgatói munkajogviszony,7,7,7,4,5,5,7,5,3,5,1,6,5,5,6,6
27/07/2026 17:05:31,18,Férfi,1112,Általános iskola,0,Közkatona ,Kezeltem már drónt rövidebb ideig (pl. ismerősnél),Munkanélküli,0,Mikrovállalkozás (1–9 fő),,,6,5,6,4,5,6,3,3,4,6,4,6,5,4,7,2
27/07/2026 17:08:41,20,Férfi,5356,Érettségi (középiskola),0,Közkatona ,Kezeltem már drónt rövidebb ideig (pl. ismerősnél),Alkalmazott / (Köz) Foglalkoztatott / Segítő,200000,Kisvállalkozás (10–49 fő),Magyar tulajdonú,,7,6,6,4,6,4,2,4,6,7,5,2,5,5,3,2
27/07/2026 17:11:22,25,Férfi,1118,Általános iskola,0,Közkatona ,"Láttam már, vagy hallottam róluk a médiában / környezetemben",Alkalmazott / (Köz) Foglalkoztatott / Segítő,420000,,Külföldi tulajdonú / Nemzetközi (multi),Zrt,7,7,7,4,7,1,1,4,4,7,7,3,7,4,1,1
27/07/2026 17:20:22,29,Nő,8640,"Felsőfokú végzettség (diploma, BSc/BA, MSc/MA)",8,Főhadnagy,Kezeltem már drónt rövidebb ideig (pl. ismerősnél),Alkalmazott / (Köz) Foglalkoztatott / Segítő,264000,Középvállalkozás (50–249 fő),Állami-közszféra,Múzeum,7,4,7,3,7,5,4,1,7,7,2,1,4,4,4,4
27/07/2026 17:52:01,20,Férfi,1033,Érettségi (középiskola),0,Közkatona ,Soha nem találkoztam / nem foglalkoztam velük,Egyéni vállalkozó,350000,Mikrovállalkozás (1–9 fő),Magyar tulajdonú,EV (Egyéni vállalkozó),6,5,3,3,5,7,4,4,4,1,1,1,6,5,3,2
27/07/2026 22:23:36,30,Nő,4450,Érettségi (középiskola),3,Főtörzsőrmester,Kezeltem már drónt rövidebb ideig (pl. ismerősnél),Társas vállalkozó,700000,Kisvállalkozás (10–49 fő),Magyar tulajdonú,KFT (Korlátolt felelősségű társaság),5,7,6,5,5,4,4,5,4,5,5,5,5,4,3,6
27/07/2026 22:37:51,39,Nő,4400,"Felsőfokú végzettség (diploma, BSc/BA, MSc/MA)",13,Százados ,Kezeltem már drónt rövidebb ideig (pl. ismerősnél),Alkalmazott / (Köz) Foglalkoztatott / Segítő,750000,Nagyvállalat (250+ fő),Állami-közszféra,.,7,7,7,5,7,7,2,6,5,6,4,1,7,7,5,4
28/07/2026 12:58:18,27,Férfi,3700,Érettségi (középiskola),1,Szakaszvezető,"Láttam már, vagy hallottam róluk a médiában / környezetemben",Alkalmazott / (Köz) Foglalkoztatott / Segítő,500000,Nagyvállalat (250+ fő),Külföldi tulajdonú / Nemzetközi (multi),Nyrt,7,7,7,7,7,7,5,4,7,7,7,7,5,3,7,2
28/07/2026 12:59:24,35,Nő,3768,"Felsőfokú végzettség (diploma, BSc/BA, MSc/MA)",2,Szakaszvezető,"Láttam már, vagy hallottam róluk a médiában / környezetemben",Alkalmazott / (Köz) Foglalkoztatott / Segítő,700000,Mikrovállalkozás (1–9 fő),Állami-közszféra,EV (Egyéni vállalkozó),7,7,7,7,7,7,7,7,7,7,7,7,7,1,7,1
28/07/2026 13:00:35,48,Férfi,3837,Érettségi (középiskola),8,Zászlós ,Kezeltem már drónt rövidebb ideig (pl. ismerősnél),Alkalmazott / (Köz) Foglalkoztatott / Segítő,700000,Nagyvállalat (250+ fő),Állami-közszféra,,7,7,7,5,3,2,4,1,6,6,4,7,5,3,2,2
28/07/2026 13:06:17,39,Férfi,4090,Szakiskola / Szakmunkásképző,2,Szakaszvezető,Kezeltem már drónt rövidebb ideig (pl. ismerősnél),Alkalmazott / (Köz) Foglalkoztatott / Segítő,550000,Nagyvállalat (250+ fő),Külföldi tulajdonú / Nemzetközi (multi),Nem tudom,7,7,6,3,4,7,4,2,5,7,2,4,4,2,4,6
28/07/2026 13:09:26,51,Nő,3433,Érettségi (középiskola),2,Szakaszvezető,Kezeltem már drónt rövidebb ideig (pl. ismerősnél),Alkalmazott / (Köz) Foglalkoztatott / Segítő,430000,Kisvállalkozás (10–49 fő),Magyar tulajdonú,KFT (Korlátolt felelősségű társaság),7,7,7,4,7,7,5,5,7,7,7,4,5,4,1,1
28/07/2026 13:15:40,36,Férfi,3534,Érettségi (középiskola),2,Őrmester ,Kezeltem már drónt rövidebb ideig (pl. ismerősnél),Inaktív,0,,,,5,1,4,2,1,5,5,5,4,1,1,1,5,5,2,1
28/07/2026 13:52:23,37,Férfi,4400,Érettségi (középiskola),4,Főtörzsőrmester,"Láttam már, vagy hallottam róluk a médiában / környezetemben",Alkalmazott / (Köz) Foglalkoztatott / Segítő,540000,Nagyvállalat (250+ fő),Állami-közszféra,,7,7,7,7,5,2,3,4,6,6,6,4,7,4,5,4
28/07/2026 13:58:12,36,Nő,3573,Általános iskola,1,Szakaszvezető,Kezeltem már drónt rövidebb ideig (pl. ismerősnél),Inaktív,350000,Kisvállalkozás (10–49 fő),Magyar tulajdonú,KFT (Korlátolt felelősségű társaság),7,5,7,6,2,5,5,5,6,7,7,7,5,6,6,5
28/07/2026 13:58:51,57,Nő,3321,"Felsőfokú végzettség (diploma, BSc/BA, MSc/MA)",5,Főtörzsőrmester,"Láttam már, vagy hallottam róluk a médiában / környezetemben",Alkalmazott / (Köz) Foglalkoztatott / Segítő,560000,Középvállalkozás (50–249 fő),Állami-közszféra,Iskola,5,5,6,4,6,5,4,6,5,4,3,4,5,4,4,5
28/07/2026 14:04:17,41,Férfi,3971,Általános iskola,6,Szakaszvezető,Kezeltem már drónt rövidebb ideig (pl. ismerősnél),Munkanélküli,0,,,,7,7,7,7,4,4,7,7,7,4,7,1,7,7,7,7
28/07/2026 14:05:55,60,Férfi,3762,Érettségi (középiskola),2,Szakaszvezető,"Láttam már, vagy hallottam róluk a médiában / környezetemben",Alkalmazott / (Köz) Foglalkoztatott / Segítő,380000,Középvállalkozás (50–249 fő),Állami-közszféra,Állami közszféra,7,6,6,2,7,6,4,1,7,6,4,6,4,1,1,5
28/07/2026 14:06:58,45,Férfi,3744,Érettségi (középiskola),3,Zászlós,"Láttam már, vagy hallottam róluk a médiában / környezetemben",Munkanélküli,200000,,,,7,7,7,5,7,4,5,5,6,7,5,7,7,5,5,4
28/07/2026 14:20:32,47,Nő,3525,"Felsőfokú végzettség (diploma, BSc/BA, MSc/MA)",5,Főhadnagy,"Láttam már, vagy hallottam róluk a médiában / környezetemben",Társas vállalkozó,1200000,Mikrovállalkozás (1–9 fő),Állami-közszféra,KFT (Korlátolt felelősségű társaság),7,7,7,5,4,7,4,4,6,7,5,5,6,5,5,2
28/07/2026 14:38:08,44,Férfi,3434,Szakiskola / Szakmunkásképző,8,Szakaszvezető,"Láttam már, vagy hallottam róluk a médiában / környezetemben",Inaktív,0,,,,7,7,7,4,7,7,3,3,7,7,1,1,7,7,1,1
28/07/2026 14:47:23,40,Férfi,3922,Érettségi (középiskola),3,Főtörzsőrmester,Rendszeresen használok drónt (pl. hobby vagy munka céljából),Alkalmazott / (Köz) Foglalkoztatott / Segítő,720000,Mikrovállalkozás (1–9 fő),Külföldi tulajdonú / Nemzetközi (multi),KFT (Korlátolt felelősségű társaság),7,7,7,5,4,3,1,1,7,6,5,3,6,3,1,1
28/07/2026 14:57:35,26,Férfi,3894,Általános iskola,0,Szakaszvezető,"Láttam már, vagy hallottam róluk a médiában / környezetemben",Inaktív,0,,,,7,3,4,3,5,4,3,4,4,5,4,5,6,4,5,7
28/07/2026 15:02:04,20,Férfi,3580,Érettségi (középiskola),2,Szakaszvezető,"Láttam már, vagy hallottam róluk a médiában / környezetemben",Munkanélküli,0,,,,7,7,7,5,7,7,4,5,6,7,7,7,6,3,5,7
28/07/2026 15:13:02,42,Férfi,3529,"Felsőfokú végzettség (diploma, BSc/BA, MSc/MA)",2,Százados,Kezeltem már drónt rövidebb ideig (pl. ismerősnél),Alkalmazott / (Köz) Foglalkoztatott / Segítő,600000,Mikrovállalkozás (1–9 fő),Állami-közszféra,,7,7,7,7,7,7,3,4,5,7,7,7,7,1,1,6
28/07/2026 15:13:41,44,Férfi,3400,Érettségi (középiskola),5,Főtörzsőrmester,Kezeltem már drónt rövidebb ideig (pl. ismerősnél),Alkalmazott / (Köz) Foglalkoztatott / Segítő,ennek mi köze akármihez....,,,,7,4,7,1,7,7,7,7,5,7,1,4,7,6,7,6
28/07/2026 15:25:32,60,Férfi,3780,Szakiskola / Szakmunkásképző,9,Szakaszvezető,"Láttam már, vagy hallottam róluk a médiában / környezetemben",Inaktív,380000,Nagyvállalat (250+ fő),Külföldi tulajdonú / Nemzetközi (multi),KFT (Korlátolt felelősségű társaság),7,5,7,7,4,3,3,6,7,5,7,7,7,1,7,1
28/07/2026 15:38:53,30,Férfi,3718,Szakiskola / Szakmunkásképző,5,Szakaszvezető,Kezeltem már drónt rövidebb ideig (pl. ismerősnél),Alkalmazott / (Köz) Foglalkoztatott / Segítő,375000,Középvállalkozás (50–249 fő),Magyar tulajdonú,KFT (Korlátolt felelősségű társaság),7,7,7,5,5,7,3,3,4,7,7,7,5,4,5,3
28/07/2026 15:50:07,45,Nő,3600,"Felsőfokú végzettség (diploma, BSc/BA, MSc/MA)",1,Zászlós,"Láttam már, vagy hallottam róluk a médiában / környezetemben",Alkalmazott / (Köz) Foglalkoztatott / Segítő,450000,Nagyvállalat (250+ fő),Állami-közszféra,,7,7,6,6,6,6,4,4,5,6,6,7,4,4,6,3
28/07/2026 15:53:13,24,Férfi,4183,"Felsőfokú végzettség (diploma, BSc/BA, MSc/MA)",2,Szakaszvezető,Kezeltem már drónt rövidebb ideig (pl. ismerősnél),Alkalmazott / (Köz) Foglalkoztatott / Segítő,380000,Nagyvállalat (250+ fő),Állami-közszféra,RT (Részvénytársaság),7,7,7,2,7,7,2,3,7,7,4,5,5,3,4,1
28/07/2026 15:55:49,42,Férfi,3700,Érettségi (középiskola),7,Főtörzsőrmester,Rendszeresen használok drónt (pl. hobby vagy munka céljából),Alkalmazott / (Köz) Foglalkoztatott / Segítő,680000,Nagyvállalat (250+ fő),Külföldi tulajdonú / Nemzetközi (multi),KFT (Korlátolt felelősségű társaság),7,7,7,4,7,7,7,4,7,7,7,7,7,4,3,1
28/07/2026 15:58:42,47,Férfi,3530,"Felsőfokú végzettség (diploma, BSc/BA, MSc/MA)",8,Főtörzsőrmester,Kezeltem már drónt rövidebb ideig (pl. ismerősnél),Inaktív,0,,,,7,5,6,5,5,6,4,4,6,6,6,5,5,5,5,4
28/07/2026 16:26:05,47,Nő,3770,Érettségi (középiskola),5,Szakaszvezető,Soha nem találkoztam / nem foglalkoztam velük,Alkalmazott / (Köz) Foglalkoztatott / Segítő,387000,Kisvállalkozás (10–49 fő),Magyar tulajdonú,BT (Betéti társaság),7,7,7,6,7,7,7,7,7,7,7,7,6,6,6,2
28/07/2026 16:39:41,21,Férfi,3579,Szakiskola / Szakmunkásképző,2,Szakaszvezető,Kezeltem már drónt rövidebb ideig (pl. ismerősnél),Inaktív,0,,,,7,4,6,2,3,7,4,3,5,7,7,4,7,7,4,7
28/07/2026 16:58:46,39,Férfi,3530,Érettségi (középiskola),3,Főtörzsőrmester,Kezeltem már drónt rövidebb ideig (pl. ismerősnél),Inaktív,0,,,,6,5,6,4,4,5,3,3,6,6,6,4,5,5,6,5
28/07/2026 17:10:42,41,Nő,3530,Szakiskola / Szakmunkásképző,3,Szakaszvezető,Soha nem találkoztam / nem foglalkoztam velük,Alkalmazott / (Köz) Foglalkoztatott / Segítő,325000,Kisvállalkozás (10–49 fő),Magyar tulajdonú,KFT (Korlátolt felelősségű társaság),5,7,7,4,3,3,4,1,1,3,7,6,4,3,5,6
28/07/2026 17:12:05,45,Férfi,3600,Érettségi (középiskola),1,Szakaszvezető,Soha nem találkoztam / nem foglalkoztam velük,Alkalmazott / (Köz) Foglalkoztatott / Segítő,700000,Kisvállalkozás (10–49 fő),Külföldi tulajdonú / Nemzetközi (multi),KFT (Korlátolt felelősségű társaság),7,7,7,3,7,7,5,4,7,7,7,7,7,7,1,1
28/07/2026 18:01:49,58,Férfi,3571,Szakiskola / Szakmunkásképző,2,Szakaszvezető,Kezeltem már drónt rövidebb ideig (pl. ismerősnél),Alkalmazott / (Köz) Foglalkoztatott / Segítő,330000,Nagyvállalat (250+ fő),Külföldi tulajdonú / Nemzetközi (multi),KFT (Korlátolt felelősségű társaság),7,7,7,4,4,4,4,7,4,7,7,2,7,4,4,7
28/07/2026 18:45:14,49,Férfi,3994,Szakiskola / Szakmunkásképző,2,Szakaszvezető,"Láttam már, vagy hallottam róluk a médiában / környezetemben",Alkalmazott / (Köz) Foglalkoztatott / Segítő,300000,Mikrovállalkozás (1–9 fő),Magyar tulajdonú,KFT (Korlátolt felelősségű társaság),5,7,7,6,7,7,4,5,7,7,5,7,7,7,5,5
28/07/2026 18:46:27,20,Nő,3800,Érettségi (középiskola),1,Szakaszvezető,"Láttam már, vagy hallottam róluk a médiában / környezetemben",Munkanélküli,0,,,,4,3,4,4,4,4,5,3,4,4,4,4,4,5,5,4
28/07/2026 20:42:25,38,Férfi,3734,Érettségi (középiskola),8,Törzsőrmester,Kezeltem már drónt rövidebb ideig (pl. ismerősnél),Egyéni vállalkozó,400000,Mikrovállalkozás (1–9 fő),Magyar tulajdonú,EV (Egyéni vállalkozó),7,7,7,4,6,4,4,3,5,6,5,5,6,5,5,5
28/07/2026 21:51:51,44,Férfi,3441,"Felsőfokú végzettség (diploma, BSc/BA, MSc/MA)",2,Főtörzsőrmester,Kezeltem már drónt rövidebb ideig (pl. ismerősnél),Alkalmazott / (Köz) Foglalkoztatott / Segítő,500000,Kisvállalkozás (10–49 fő),Állami-közszféra,,7,7,7,5,7,6,2,5,7,5,4,2,6,2,5,5
28/07/2026 22:04:21,47,Nő,3963,Érettségi (középiskola),8,Törzsőrmester ,Kezeltem már drónt rövidebb ideig (pl. ismerősnél),Alkalmazott / (Köz) Foglalkoztatott / Segítő,700000,Középvállalkozás (50–249 fő),Állami-közszféra,Közféra,7,6,7,7,7,7,5,2,7,7,5,7,6,2,1,1
28/07/2026 22:18:52,51,Nő,3980,"Felsőfokú végzettség (diploma, BSc/BA, MSc/MA)",4,Őrnagy,Rendszeresen használok drónt (pl. hobby vagy munka céljából),Alkalmazott / (Köz) Foglalkoztatott / Segítő,700000,Kisvállalkozás (10–49 fő),Állami-közszféra,Oktatási intézmény,7,7,7,4,7,4,6,4,6,7,7,3,5,4,2,3
28/07/2026 23:02:47,47,Nő,3563,"Felsőfokú végzettség (diploma, BSc/BA, MSc/MA)",5,Főhadnagy ,Kezeltem már drónt rövidebb ideig (pl. ismerősnél),Alkalmazott / (Köz) Foglalkoztatott / Segítő,850000,Kisvállalkozás (10–49 fő),Magyar tulajdonú,BT (Betéti társaság),7,7,7,7,7,5,6,3,6,6,6,1,4,4,5,4
28/07/2026 23:06:23,40,Nő,3553,"Felsőfokú végzettség (diploma, BSc/BA, MSc/MA)",2,Szakaszvezető ,Kezeltem már drónt rövidebb ideig (pl. ismerősnél),Alkalmazott / (Köz) Foglalkoztatott / Segítő,550000,Nagyvállalat (250+ fő),Külföldi tulajdonú / Nemzetközi (multi),KFT (Korlátolt felelősségű társaság),7,5,7,5,4,5,3,3,7,7,7,7,5,4,3,3
28/07/2026 23:12:46,19,Férfi,3700,Érettségi (középiskola),1,Szakaszvezető,Rendszeresen használok drónt (pl. hobby vagy munka céljából),Alkalmazott / (Köz) Foglalkoztatott / Segítő,380000,Kisvállalkozás (10–49 fő),Magyar tulajdonú,KFT (Korlátolt felelősségű társaság),7,4,7,4,5,7,7,4,7,7,4,4,7,1,3,5
28/07/2026 23:26:20,49,Nő,3580,"Felsőfokú végzettség (diploma, BSc/BA, MSc/MA)",2,Zászlós,"Láttam már, vagy hallottam róluk a médiában / környezetemben",Alkalmazott / (Köz) Foglalkoztatott / Segítő,468000,Nagyvállalat (250+ fő),Állami-közszféra,Közszféra,7,4,4,7,5,5,7,4,6,7,5,5,6,5,5,4
29/07/2026 02:07:47,41,Férfi,3528,"Felsőfokú végzettség (diploma, BSc/BA, MSc/MA)",2,Főtörzsőrmester,Rendszeresen használok drónt (pl. hobby vagy munka céljából),Társas vállalkozó,1200000,Mikrovállalkozás (1–9 fő),Magyar tulajdonú,KFT (Korlátolt felelősségű társaság),7,7,7,7,7,1,4,7,7,7,7,3,7,1,1,1
29/07/2026 04:27:00,49,Férfi,4511,Szakiskola / Szakmunkásképző,1,Szakaszvezető ,Kezeltem már drónt rövidebb ideig (pl. ismerősnél),Alkalmazott / (Köz) Foglalkoztatott / Segítő,500000,Kisvállalkozás (10–49 fő),Magyar tulajdonú,KFT (Korlátolt felelősségű társaság),7,7,7,5,7,1,5,1,5,7,7,7,6,2,1,1
29/07/2026 04:35:54,21,Férfi,4234,Érettségi (középiskola),2,Szakaszvezető,"Láttam már, vagy hallottam róluk a médiában / környezetemben",Munkanélküli,0,,,,7,7,7,4,6,7,1,3,4,5,1,3,7,4,3,1
29/07/2026 05:09:34,50,Férfi,4400,Érettségi (középiskola),2,Szakaszvezető,"Láttam már, vagy hallottam róluk a médiában / környezetemben",Alkalmazott / (Köz) Foglalkoztatott / Segítő,200000,Nagyvállalat (250+ fő),Magyar tulajdonú,KFT (Korlátolt felelősségű társaság),7,7,7,5,7,5,5,4,7,7,5,7,6,5,5,6
29/07/2026 05:16:24,38,Férfi,3636,Érettségi (középiskola),3,Szakaszvezető,Rendszeresen használok drónt (pl. hobby vagy munka céljából),Egyéni vállalkozó,850000,Mikrovállalkozás (1–9 fő),Magyar tulajdonú,EV (Egyéni vállalkozó),7,7,7,7,7,7,4,7,7,7,7,4,4,7,7,4
29/07/2026 05:49:33,63,Férfi,1048,"Felsőfokú végzettség (diploma, BSc/BA, MSc/MA)",40,Alezredes,"Láttam már, vagy hallottam róluk a médiában / környezetemben",Inaktív,0,Kisvállalkozás (10–49 fő),Magyar tulajdonú,Egyesület,7,7,7,4,4,6,5,4,6,6,2,4,6,6,6,7
29/07/2026 06:23:12,49,Nő,4400,"Felsőfokú végzettség (diploma, BSc/BA, MSc/MA)",5,Őrnagy,Kezeltem már drónt rövidebb ideig (pl. ismerősnél),Alkalmazott / (Köz) Foglalkoztatott / Segítő,580000,Középvállalkozás (50–249 fő),Állami-közszféra,,7,7,7,7,5,6,6,6,6,7,4,6,3,2,1,1
29/07/2026 06:25:05,28,Férfi,4482,Szakiskola / Szakmunkásképző,5,Szakaszvezető ,"Láttam már, vagy hallottam róluk a médiában / környezetemben",Munkanélküli,300000,Mikrovállalkozás (1–9 fő),Magyar tulajdonú,,5,7,7,6,5,3,2,2,7,7,7,7,6,1,1,3
29/07/2026 06:33:47,32,Férfi,3664,Szakiskola / Szakmunkásképző,2,Szakaszvezető,Kezeltem már drónt rövidebb ideig (pl. ismerősnél),Alkalmazott / (Köz) Foglalkoztatott / Segítő,400000,Nagyvállalat (250+ fő),Külföldi tulajdonú / Nemzetközi (multi),KFT (Korlátolt felelősségű társaság),5,7,5,4,7,7,7,5,4,4,5,6,6,6,6,6
29/07/2026 07:00:19,49,Nő,4405,"Felsőfokú végzettség (diploma, BSc/BA, MSc/MA)",3,Szakaszvezető ,Soha nem találkoztam / nem foglalkoztam velük,Alkalmazott / (Köz) Foglalkoztatott / Segítő,500000,Nagyvállalat (250+ fő),Magyar tulajdonú,Egyesület ,6,6,5,5,6,6,6,6,6,6,6,6,5,6,5,5
29/07/2026 07:30:39,61,Nő,4400,"Felsőfokú végzettség (diploma, BSc/BA, MSc/MA)",3,Szakaszvezető,Soha nem találkoztam / nem foglalkoztam velük,Alkalmazott / (Köz) Foglalkoztatott / Segítő,415000,Kisvállalkozás (10–49 fő),Magyar tulajdonú,BT (Betéti társaság),7,7,7,7,7,7,7,7,7,7,7,7,7,7,7,7
29/07/2026 08:11:45,26,Férfi,3450,Érettségi (középiskola),7,Őrmester,Rendszeresen használok drónt (pl. hobby vagy munka céljából),Egyéni vállalkozó,935000,Kisvállalkozás (10–49 fő),Magyar tulajdonú,KFT (Korlátolt felelősségű társaság),6,5,6,5,7,5,6,6,6,5,1,1,7,6,6,6
29/07/2026 08:58:28,47,Férfi,4025,Érettségi (középiskola),27,Főtörzsőrmester,Kezeltem már drónt rövidebb ideig (pl. ismerősnél),Alkalmazott / (Köz) Foglalkoztatott / Segítő,1,Nagyvállalat (250+ fő),Állami-közszféra,MH,4,1,3,1,7,6,4,7,1,7,1,7,7,1,1,7
29/07/2026 09:09:48,56,Férfi,3965,Érettségi (középiskola),8,Zászlós,"Láttam már, vagy hallottam róluk a médiában / környezetemben",Alkalmazott / (Köz) Foglalkoztatott / Segítő,100000,Mikrovállalkozás (1–9 fő),Állami-közszféra,Önkormanyzati,7,6,6,6,6,6,4,5,6,6,6,6,6,6,5,2
29/07/2026 09:12:47,53,Nő,3700,Érettségi (középiskola),2,Szakaszvezető,Kezeltem már drónt rövidebb ideig (pl. ismerősnél),Alkalmazott / (Köz) Foglalkoztatott / Segítő,0,,,,7,7,7,5,1,7,1,1,7,7,7,7,6,2,7,1
29/07/2026 09:25:32,37,Férfi,3600,Érettségi (középiskola),5,Szakaszvezető,"Láttam már, vagy hallottam róluk a médiában / környezetemben",Alkalmazott / (Köz) Foglalkoztatott / Segítő,380000,Középvállalkozás (50–249 fő),Magyar tulajdonú,KFT (Korlátolt felelősségű társaság),7,7,7,6,7,7,6,2,6,7,5,5,6,4,5,6
29/07/2026 10:44:11,39,Nő,4625,Érettségi (középiskola),1,Közkatona,"Láttam már, vagy hallottam róluk a médiában / környezetemben",Alkalmazott / (Köz) Foglalkoztatott / Segítő,700000,Nagyvállalat (250+ fő),Állami-közszféra,Központi költségvetési szerv,7,7,7,5,7,6,5,4,7,7,6,4,5,2,4,6
29/07/2026 12:13:43,60,Férfi,4300,"Felsőfokú végzettség (diploma, BSc/BA, MSc/MA)",41,Alezredes,"Láttam már, vagy hallottam róluk a médiában / környezetemben",Alkalmazott / (Köz) Foglalkoztatott / Segítő,600000,Nagyvállalat (250+ fő),Állami-közszféra,,6,6,6,6,6,6,6,2,6,6,6,6,6,6,3,3
29/07/2026 12:27:15,52,Nő,4400,"Felsőfokú végzettség (diploma, BSc/BA, MSc/MA)",6,Főhadnagy,"Láttam már, vagy hallottam róluk a médiában / környezetemben",Alkalmazott / (Köz) Foglalkoztatott / Segítő,250000,Mikrovállalkozás (1–9 fő),Magyar tulajdonú,EV (Egyéni vállalkozó),7,7,7,7,4,2,4,4,7,7,7,7,4,4,2,1
29/07/2026 12:44:27,44,Nő,3700,Érettségi (középiskola),2,Szakaszvezető,"Láttam már, vagy hallottam róluk a médiában / környezetemben",Alkalmazott / (Köz) Foglalkoztatott / Segítő,450000,Kisvállalkozás (10–49 fő),Állami-közszféra,KFT (Korlátolt felelősségű társaság),7,7,7,5,5,7,2,1,7,7,7,5,7,7,7,1
29/07/2026 13:18:20,48,Férfi,3980,"Felsőfokú végzettség (diploma, BSc/BA, MSc/MA)",4,Százados,Kezeltem már drónt rövidebb ideig (pl. ismerősnél),Inaktív,0,,,,7,5,6,6,6,5,5,4,5,6,5,3,6,3,5,2
29/07/2026 15:35:52,47,Nő,3700,Szakiskola / Szakmunkásképző,3,Szakaszvezető,"Láttam már, vagy hallottam róluk a médiában / környezetemben",Inaktív,0,,,,7,7,7,7,7,7,7,7,7,7,7,7,4,7,7,6
29/07/2026 16:47:21,51,Férfi,4524,"Felsőfokú végzettség (diploma, BSc/BA, MSc/MA)",27,Százados,"Láttam már, vagy hallottam róluk a médiában / környezetemben",Inaktív,0,,,,5,6,6,4,4,4,4,2,5,5,5,5,4,3,2,3
30/07/2026 08:45:09,56,Férfi,3795,Érettségi (középiskola),9,Főtörzsőrmester,"Láttam már, vagy hallottam róluk a médiában / környezetemben",Alkalmazott / (Köz) Foglalkoztatott / Segítő,450000,,,,7,7,7,5,7,5,5,4,5,7,6,6,6,5,4,5
30/07/2026 10:22:56,42,Férfi,3423,Érettségi (középiskola),2,Szakaszvezető ,Rendszeresen használok drónt (pl. hobby vagy munka céljából),Alkalmazott / (Köz) Foglalkoztatott / Segítő,700000,Nagyvállalat (250+ fő),Külföldi tulajdonú / Nemzetközi (multi),RT (Részvénytársaság),7,5,7,5,7,7,1,4,7,7,7,5,5,3,7,1
30/07/2026 13:23:06,20,Férfi,3700,Érettségi (középiskola),1,Szakaszvezető ,Rendszeresen használok drónt (pl. hobby vagy munka céljából),Alkalmazott / (Köz) Foglalkoztatott / Segítő,350000,Középvállalkozás (50–249 fő),Magyar tulajdonú,EV (Egyéni vállalkozó),7,5,5,4,4,4,4,4,6,7,7,6,5,4,5,6
30/07/2026 17:46:20,36,Férfi,3976,Általános iskola,2,Szakaszvezető ,Kezeltem már drónt rövidebb ideig (pl. ismerősnél),Alkalmazott / (Köz) Foglalkoztatott / Segítő,120000,Mikrovállalkozás (1–9 fő),Magyar tulajdonú,,7,7,7,7,5,5,4,5,6,6,6,7,4,5,6,7
31/07/2026 23:01:31,49,Férfi,4400,"Felsőfokú végzettség (diploma, BSc/BA, MSc/MA)",1,Főhadnagy ,Kezeltem már drónt rövidebb ideig (pl. ismerősnél),Egyéni vállalkozó,X,Mikrovállalkozás (1–9 fő),Magyar tulajdonú,EV (Egyéni vállalkozó),7,7,7,5,7,7,5,2,7,7,7,7,7,6,5,1
01/08/2026 18:04:59,55,Férfi,3779,Szakiskola / Szakmunkásképző,1,Szakaszvezető,"Láttam már, vagy hallottam róluk a médiában / környezetemben",Munkanélküli,50000,,,,7,7,7,5,6,5,4,4,7,7,7,5,7,4,4,4
02/08/2026 13:19:24,24,Nő,3743,Érettségi (középiskola),3,Főtörzsőrmester,"Láttam már, vagy hallottam róluk a médiában / környezetemben",Egyéni vállalkozó,400000,Nagyvállalat (250+ fő),Külföldi tulajdonú / Nemzetközi (multi),EV (Egyéni vállalkozó),7,7,7,7,7,7,7,7,7,7,7,7,4,2,4,1
02/08/2026 13:19:25,24,Nő,3700,"Felsőfokú végzettség (diploma, BSc/BA, MSc/MA)",3,Főtörzsőrmester,"Láttam már, vagy hallottam róluk a médiában / környezetemben",Alkalmazott / (Köz) Foglalkoztatott / Segítő,76000,Mikrovállalkozás (1–9 fő),Magyar tulajdonú,KFT (Korlátolt felelősségű társaság),7,7,7,7,7,7,7,7,7,7,7,7,7,7,7,7
03/08/2026 13:10:41,49,Férfi,4700,Érettségi (középiskola),3,Szakaszvezető ,Rendszeresen használok drónt (pl. hobby vagy munka céljából),Alkalmazott / (Köz) Foglalkoztatott / Segítő,540000,Nagyvállalat (250+ fő),Állami-közszféra,NZRT,7,7,7,7,7,4,1,1,7,7,7,7,7,1,1,1
03/08/2026 15:30:19,23,Férfi,4030,Érettségi (középiskola),4,Főtörzsőrmester ,"Láttam már, vagy hallottam róluk a médiában / környezetemben",Munkanélküli,0,,,,6,4,5,2,7,5,6,3,5,5,4,3,6,4,3,1
04/08/2026 08:05:11,43,Nő,3530,"Felsőfokú végzettség (diploma, BSc/BA, MSc/MA)",2,Főtörzsőrmester,"Láttam már, vagy hallottam róluk a médiában / környezetemben",Alkalmazott / (Köz) Foglalkoztatott / Segítő,600000,Nagyvállalat (250+ fő),Külföldi tulajdonú / Nemzetközi (multi),KFT (Korlátolt felelősségű társaság),7,7,7,5,7,6,5,4,6,5,5,4,5,6,5,4
04/08/2026 15:40:23,56,Férfi,3780,Érettségi (középiskola),1,Szakaszvezető ,Kezeltem már drónt rövidebb ideig (pl. ismerősnél),Alkalmazott / (Köz) Foglalkoztatott / Segítő,540000,Kisvállalkozás (10–49 fő),Magyar tulajdonú,Önkormányzat ,7,7,7,7,7,7,3,1,7,7,7,7,7,1,1,4
04/08/2026 18:23:55,22,Nő,7700,"Felsőfokú végzettség (diploma, BSc/BA, MSc/MA)",3,Törzsőrmester,"Láttam már, vagy hallottam róluk a médiában / környezetemben",Munkanélküli,0,,,,6,5,3,2,6,5,3,3,6,6,2,2,3,2,5,5
14/08/2026 11:11:00,27,Férfi,3125,Érettségi (középiskola),7,Főtörzsőrmester,"Láttam már, vagy hallottam róluk a médiában / környezetemben",Egyéni vállalkozó,300000,,,,5,5,7,7,7,5,3,4,6,6,6,4,4,4,4,2
14/08/2026 11:12:47,20,Férfi,1141,Érettségi (középiskola),1,Őrvezető,"Láttam már, vagy hallottam róluk a médiában / környezetemben",Inaktív,200000,Nagyvállalat (250+ fő),Külföldi tulajdonú / Nemzetközi (multi),BT (Betéti társaság),7,5,7,1,7,1,4,1,7,7,4,7,7,4,7,4
14/08/2026 18:55:32,51,Férfi,9783,"Felsőfokú végzettség (diploma, BSc/BA, MSc/MA)",6,Főhadnagy ,Kezeltem már drónt rövidebb ideig (pl. ismerősnél),Alkalmazott / (Köz) Foglalkoztatott / Segítő,600000,Nagyvállalat (250+ fő),Állami-közszféra,,7,6,7,5,7,6,5,4,6,7,6,7,5,5,7,4
14/08/2026 19:24:05,48,Férfi,9442,Érettségi (középiskola),8,Zászlós,"Láttam már, vagy hallottam róluk a médiában / környezetemben",Alkalmazott / (Köz) Foglalkoztatott / Segítő,500000,Középvállalkozás (50–249 fő),Magyar tulajdonú,KFT (Korlátolt felelősségű társaság),7,5,7,4,7,7,2,2,7,7,6,1,3,3,1,2
15/08/2026 11:25:41,39,Férfi,6100,"Felsőfokú végzettség (diploma, BSc/BA, MSc/MA)",8,Százados,"Láttam már, vagy hallottam róluk a médiában / környezetemben",Egyéni vállalkozó,400000,Mikrovállalkozás (1–9 fő),Magyar tulajdonú,EV (Egyéni vállalkozó),7,6,7,4,7,7,4,4,5,6,5,3,7,3,6,5
15/08/2026 18:09:05,58,Férfi,3300,"Felsőfokú végzettség (diploma, BSc/BA, MSc/MA)",9,Főtörzsőrmester,Kezeltem már drónt rövidebb ideig (pl. ismerősnél),Munkanélküli,50000,,,,7,7,7,7,7,3,5,4,7,7,5,5,7,4,5,7
16/08/2026 12:21:00,19,Férfi,8800,Általános iskola,1,Közkatona,Kezeltem már drónt rövidebb ideig (pl. ismerősnél),Inaktív,0,,,,7,7,7,5,6,4,3,2,7,6,5,5,6,2,4,3
16/08/2026 12:21:20,19,Férfi,2089,Általános iskola,1,Őrvezető,"Láttam már, vagy hallottam róluk a médiában / környezetemben",Alkalmazott / (Köz) Foglalkoztatott / Segítő,623000,Nagyvállalat (250+ fő),Állami-közszféra,"MH BHD,",7,7,7,7,7,7,7,7,7,7,6,7,7,7,7,7
16/08/2026 12:32:45,49,Férfi,6453,Szakiskola / Szakmunkásképző,2,Szakaszvezető ,Soha nem találkoztam / nem foglalkoztam velük,Alkalmazott / (Köz) Foglalkoztatott / Segítő,360000,Középvállalkozás (50–249 fő),Állami-közszféra,Integr Szoc intézmény,7,7,7,7,7,5,1,1,7,7,7,7,7,1,3,3
16/08/2026 12:36:13,49,Férfi,5400,Szakiskola / Szakmunkásképző,9,Szakaszvezető ,"Láttam már, vagy hallottam róluk a médiában / környezetemben",Alkalmazott / (Köz) Foglalkoztatott / Segítő,700000,Kisvállalkozás (10–49 fő),Magyar tulajdonú,KFT (Korlátolt felelősségű társaság),7,7,7,5,5,6,4,4,7,5,6,5,6,4,2,4
16/08/2026 12:37:03,19,Férfi,6453,Érettségi (középiskola),1,Őrvezető,"Láttam már, vagy hallottam róluk a médiában / környezetemben",Munkanélküli,75000,,,,5,5,6,7,4,7,6,5,6,6,4,5,4,5,6,3
16/08/2026 12:43:06,42,Férfi,2040,"Felsőfokú végzettség (diploma, BSc/BA, MSc/MA)",5,Zászlós,Rendszeresen használok drónt (pl. hobby vagy munka céljából),Társas vállalkozó,1,Kisvállalkozás (10–49 fő),Magyar tulajdonú,KFT (Korlátolt felelősségű társaság),7,7,7,7,7,7,6,7,7,7,7,5,7,3,3,3
16/08/2026 12:53:05,77,Férfi,4100,"Felsőfokú végzettség (diploma, BSc/BA, MSc/MA)",5,Főhadnagy,Kezeltem már drónt rövidebb ideig (pl. ismerősnél),Inaktív,400000,,,Nyugdíjas,7,7,7,7,1,4,5,4,5,5,5,7,7,4,5,4
16/08/2026 12:54:35,20,Férfi,3580,Érettségi (középiskola),2,Szakaszvezető ,"Láttam már, vagy hallottam róluk a médiában / környezetemben",Munkanélküli,0,,,,7,7,7,6,7,7,3,5,7,7,7,7,5,3,5,7
16/08/2026 12:54:42,45,Férfi,9500,"Felsőfokú végzettség (diploma, BSc/BA, MSc/MA)",2,Hadnagy,Rendszeresen használok drónt (pl. hobby vagy munka céljából),Alkalmazott / (Köz) Foglalkoztatott / Segítő,X,Mikrovállalkozás (1–9 fő),Magyar tulajdonú,EV (Egyéni vállalkozó),7,6,5,5,6,5,4,5,7,6,5,5,5,5,6,5
16/08/2026 12:55:27,38,Férfi,2030,Érettségi (középiskola),3,Őrmester,Kezeltem már drónt rövidebb ideig (pl. ismerősnél),Alkalmazott / (Köz) Foglalkoztatott / Segítő,X,Középvállalkozás (50–249 fő),Magyar tulajdonú,KFT (Korlátolt felelősségű társaság),4,5,5,5,7,5,6,4,4,6,2,2,4,3,5,4
16/08/2026 12:59:18,38,Férfi,8081,Érettségi (középiskola),6,Főtörzsőrmester ,Kezeltem már drónt rövidebb ideig (pl. ismerősnél),Inaktív,0,Mikrovállalkozás (1–9 fő),Magyar tulajdonú,KFT (Korlátolt felelősségű társaság),7,5,6,5,5,6,5,2,6,6,5,4,3,4,6,5
16/08/2026 12:59:32,56,Férfi,9177,Érettségi (középiskola),10,Szakaszvezető ,Rendszeresen használok drónt (pl. hobby vagy munka céljából),Inaktív,X,,,,7,7,7,7,7,5,2,2,7,7,7,7,5,5,7,2
16/08/2026 13:07:03,44,Férfi,9793,"Felsőfokú végzettség (diploma, BSc/BA, MSc/MA)",7,Hadnagy,"Láttam már, vagy hallottam róluk a médiában / környezetemben",Alkalmazott / (Köz) Foglalkoztatott / Segítő,950000,Nagyvállalat (250+ fő),Külföldi tulajdonú / Nemzetközi (multi),KFT (Korlátolt felelősségű társaság),7,7,7,7,5,5,4,5,7,7,7,3,6,2,6,6
16/08/2026 13:14:03,50,Nő,1204,Érettségi (középiskola),5,Főtörzsőrmester,Kezeltem már drónt rövidebb ideig (pl. ismerősnél),Inaktív,X,Kisvállalkozás (10–49 fő),Magyar tulajdonú,RT (Részvénytársaság),7,7,7,4,7,6,5,4,7,7,4,5,5,1,5,1
16/08/2026 13:17:33,20,Férfi,5534,Szakiskola / Szakmunkásképző,1,Őrvezető ,Kezeltem már drónt rövidebb ideig (pl. ismerősnél),Alkalmazott / (Köz) Foglalkoztatott / Segítő,350000,Nagyvállalat (250+ fő),Állami-közszféra,Zrt,7,7,7,7,7,4,1,7,7,7,7,7,4,4,7,7
16/08/2026 13:19:37,27,Férfi,6000,"Felsőfokú végzettség (diploma, BSc/BA, MSc/MA)",4,Őrvezető ,Kezeltem már drónt rövidebb ideig (pl. ismerősnél),Inaktív,0,,,,6,7,7,2,7,7,6,3,6,7,4,5,7,5,5,7
16/08/2026 13:21:39,30,Férfi,7039,Érettségi (középiskola),3,Szakaszvezető ,Rendszeresen használok drónt (pl. hobby vagy munka céljából),Inaktív,X,,,,7,7,7,4,5,7,5,5,7,7,7,5,7,3,2,6
16/08/2026 13:23:36,25,Férfi,6900,Szakiskola / Szakmunkásképző,4,Szakaszvezető,Kezeltem már drónt rövidebb ideig (pl. ismerősnél),Alkalmazott / (Köz) Foglalkoztatott / Segítő,230000,Középvállalkozás (50–249 fő),Külföldi tulajdonú / Nemzetközi (multi),BT (Betéti társaság),7,7,7,7,7,3,1,1,7,7,7,7,7,4,7,7
16/08/2026 13:25:16,19,Nő,9084,Általános iskola,1,Őrvezető ,"Láttam már, vagy hallottam róluk a médiában / környezetemben",Alkalmazott / (Köz) Foglalkoztatott / Segítő,400000,Nagyvállalat (250+ fő),Magyar tulajdonú,KFT (Korlátolt felelősségű társaság),7,6,6,3,5,6,6,6,7,6,5,3,6,6,5,3
16/08/2026 13:30:00,49,Férfi,2700,Érettségi (középiskola),32,Főtörzszászlós,Rendszeresen használok drónt (pl. hobby vagy munka céljából),Alkalmazott / (Köz) Foglalkoztatott / Segítő,700000,Nagyvállalat (250+ fő),Állami-közszféra,Állami,6,7,6,6,2,3,5,5,7,6,5,5,6,5,3,4
16/08/2026 13:34:22,40,Férfi,3534,"Felsőfokú végzettség (diploma, BSc/BA, MSc/MA)",9,Főhadnagy,"Láttam már, vagy hallottam róluk a médiában / környezetemben",Alkalmazott / (Köz) Foglalkoztatott / Segítő,550000,Nagyvállalat (250+ fő),Állami-közszféra,ZRT,7,7,5,2,7,5,7,6,5,5,2,2,7,4,4,3
16/08/2026 13:42:18,21,Férfi,6720,Érettségi (középiskola),1,Őrvezető ,"Láttam már, vagy hallottam róluk a médiában / környezetemben",Alkalmazott / (Köz) Foglalkoztatott / Segítő,445000,Nagyvállalat (250+ fő),Külföldi tulajdonú / Nemzetközi (multi),ZRT ,7,7,7,4,5,7,3,5,7,7,7,7,7,2,2,3
16/08/2026 13:47:04,38,Férfi,3811,Általános iskola,3,Szakaszvezető ,"Láttam már, vagy hallottam róluk a médiában / környezetemben",Munkanélküli,0,,,,7,7,7,7,7,7,7,7,7,5,7,5,6,7,6,7
16/08/2026 14:07:42,46,Férfi,7623,Érettségi (középiskola),1,Őrvezető ,Kezeltem már drónt rövidebb ideig (pl. ismerősnél),Egyéni vállalkozó,400000,Mikrovállalkozás (1–9 fő),Magyar tulajdonú,EV (Egyéni vállalkozó),7,7,7,5,7,5,3,6,6,5,1,5,7,2,3,2
16/08/2026 14:12:02,20,Férfi,5516,Érettségi (középiskola),2,Őrvezető ,"Láttam már, vagy hallottam róluk a médiában / környezetemben",Inaktív,8000,,,,7,7,7,4,7,7,7,5,4,7,7,7,5,4,6,4
16/08/2026 14:13:59,31,Nő,1122,Érettségi (középiskola),0,Őrvezető ,Kezeltem már drónt rövidebb ideig (pl. ismerősnél),Alkalmazott / (Köz) Foglalkoztatott / Segítő,300000,Nagyvállalat (250+ fő),Külföldi tulajdonú / Nemzetközi (multi),KFT (Korlátolt felelősségű társaság),6,6,6,7,6,3,3,3,7,7,5,5,5,4,4,5
16/08/2026 14:18:01,40,Nő,9675,"Felsőfokú végzettség (diploma, BSc/BA, MSc/MA)",4,Hadnagy,"Láttam már, vagy hallottam róluk a médiában / környezetemben",Alkalmazott / (Köz) Foglalkoztatott / Segítő,550000,Nagyvállalat (250+ fő),Külföldi tulajdonú / Nemzetközi (multi),KFT (Korlátolt felelősségű társaság),7,7,7,5,7,7,5,5,7,7,6,1,7,7,7,7
16/08/2026 14:23:48,19,Férfi,6500,Érettségi (középiskola),1,Őrvezető,Rendszeresen használok drónt (pl. hobby vagy munka céljából),Alkalmazott / (Köz) Foglalkoztatott / Segítő,300000,Kisvállalkozás (10–49 fő),Magyar tulajdonú,KFT (Korlátolt felelősségű társaság),7,5,5,6,3,5,4,5,7,5,5,6,7,4,3,4
16/08/2026 14:29:38,44,Férfi,6448,Szakiskola / Szakmunkásképző,0,Közkatona,Kezeltem már drónt rövidebb ideig (pl. ismerősnél),Inaktív,275000,,,,7,7,7,7,7,7,7,7,7,7,7,7,7,1,7,4
16/08/2026 14:32:59,52,Férfi,1046,"Tudományos fokozat (PhD, DLA)",8,Alezredes,Rendszeresen használok drónt (pl. hobby vagy munka céljából),Alkalmazott / (Köz) Foglalkoztatott / Segítő,1800000,Nagyvállalat (250+ fő),Állami-közszféra,RT (Részvénytársaság),7,7,7,7,7,6,4,5,7,6,7,6,5,4,6,4
16/08/2026 14:35:22,41,Férfi,4220,"Felsőfokú végzettség (diploma, BSc/BA, MSc/MA)",1,Közkatona,Kezeltem már drónt rövidebb ideig (pl. ismerősnél),Egyéni vállalkozó,450000,Mikrovállalkozás (1–9 fő),Magyar tulajdonú,EV (Egyéni vállalkozó),5,6,5,5,7,6,6,6,5,6,4,4,3,4,3,4
16/08/2026 14:41:51,58,Férfi,8000,Érettségi (középiskola),25,Zászlós,"Láttam már, vagy hallottam róluk a médiában / környezetemben",Társas vállalkozó,250000,Középvállalkozás (50–249 fő),Magyar tulajdonú,KFT (Korlátolt felelősségű társaság),7,7,7,5,5,7,5,1,7,7,7,7,7,1,6,2
16/08/2026 14:58:34,54,Nő,7400,"Felsőfokú végzettség (diploma, BSc/BA, MSc/MA)",1,Őrvezető,Kezeltem már drónt rövidebb ideig (pl. ismerősnél),Alkalmazott / (Köz) Foglalkoztatott / Segítő,500000,Nagyvállalat (250+ fő),Állami-közszféra,,6,6,6,5,6,6,5,4,5,6,6,5,5,4,5,4
16/08/2026 15:18:38,45,Nő,2740,Érettségi (középiskola),6,Őrmester,Rendszeresen használok drónt (pl. hobby vagy munka céljából),Alkalmazott / (Köz) Foglalkoztatott / Segítő,300000,,,,7,7,7,7,4,5,5,3,7,7,5,7,7,3,5,1
16/08/2026 15:20:08,22,Nő,2740,Érettségi (középiskola),2,Őrmester ,Kezeltem már drónt rövidebb ideig (pl. ismerősnél),Alkalmazott / (Köz) Foglalkoztatott / Segítő,160000,,,,7,7,7,7,7,6,5,5,7,7,5,5,7,4,3,4
16/08/2026 15:21:48,55,Férfi,2030,Érettségi (középiskola),6,Szakaszvezető ,"Láttam már, vagy hallottam róluk a médiában / környezetemben",Alkalmazott / (Köz) Foglalkoztatott / Segítő,500,Nagyvállalat (250+ fő),Magyar tulajdonú,RT (Részvénytársaság),6,6,6,6,6,5,3,3,6,6,6,6,6,5,5,3
16/08/2026 15:23:41,23,Férfi,1202,"Felsőfokú végzettség (diploma, BSc/BA, MSc/MA)",5,Szakaszvezető ,Kezeltem már drónt rövidebb ideig (pl. ismerősnél),Alkalmazott / (Köz) Foglalkoztatott / Segítő,1000000,Mikrovállalkozás (1–9 fő),Magyar tulajdonú,KFT (Korlátolt felelősségű társaság),7,5,6,5,7,5,3,4,5,6,4,7,7,4,2,1
16/08/2026 15:35:38,26,Nő,3600,Érettségi (középiskola),0,Közkatona,"Láttam már, vagy hallottam róluk a médiában / környezetemben",Munkanélküli,0,,,,6,7,5,4,7,7,6,4,5,7,6,6,6,6,5,2
16/08/2026 15:37:47,46,Férfi,4110,Szakiskola / Szakmunkásképző,2,Szakaszvezető ,Rendszeresen használok drónt (pl. hobby vagy munka céljából),Alkalmazott / (Köz) Foglalkoztatott / Segítő,1150000,Nagyvállalat (250+ fő),Magyar tulajdonú,KFT (Korlátolt felelősségű társaság),7,7,7,5,7,7,4,7,7,7,7,6,7,3,7,4
16/08/2026 15:45:31,25,Nő,5720,"Felsőfokú végzettség (diploma, BSc/BA, MSc/MA)",6,Hadnagy,"Láttam már, vagy hallottam róluk a médiában / környezetemben",Alkalmazott / (Köz) Foglalkoztatott / Segítő,700000,Nagyvállalat (250+ fő),Magyar tulajdonú,RT (Részvénytársaság),6,6,6,6,6,7,2,5,6,7,5,1,6,2,2,5
16/08/2026 15:50:06,50,Férfi,7940,"Felsőfokú végzettség (diploma, BSc/BA, MSc/MA)",2,Őrmester,"Láttam már, vagy hallottam róluk a médiában / környezetemben",Alkalmazott / (Köz) Foglalkoztatott / Segítő,550000,Nagyvállalat (250+ fő),Állami-közszféra,Zrt,6,4,5,4,4,7,3,4,5,6,6,6,5,3,6,6
16/08/2026 15:54:32,54,Férfi,2051,"Felsőfokú végzettség (diploma, BSc/BA, MSc/MA)",3,Szakaszvezető ,Rendszeresen használok drónt (pl. hobby vagy munka céljából),Társas vállalkozó,1100000,Mikrovállalkozás (1–9 fő),Magyar tulajdonú,KFT (Korlátolt felelősségű társaság),7,7,7,4,7,3,2,7,7,7,7,7,7,1,5,1
16/08/2026 16:12:23,25,Férfi,7400,"Felsőfokú végzettség (diploma, BSc/BA, MSc/MA)",6,Őrmester,"Láttam már, vagy hallottam róluk a médiában / környezetemben",Alkalmazott / (Köz) Foglalkoztatott / Segítő,400000,Mikrovállalkozás (1–9 fő),Magyar tulajdonú,KFT (Korlátolt felelősségű társaság),6,6,6,6,6,7,6,4,6,6,6,6,4,4,4,5
16/08/2026 16:21:53,51,Férfi,1115,Szakiskola / Szakmunkásképző,4,Szakaszvezető ,Kezeltem már drónt rövidebb ideig (pl. ismerősnél),Alkalmazott / (Köz) Foglalkoztatott / Segítő,540000,Középvállalkozás (50–249 fő),Külföldi tulajdonú / Nemzetközi (multi),KFT (Korlátolt felelősségű társaság),7,7,6,4,6,5,5,5,6,7,4,4,6,5,1,5
16/08/2026 16:24:00,24,Férfi,3373,"Felsőfokú végzettség (diploma, BSc/BA, MSc/MA)",2,Őrvezető,"Láttam már, vagy hallottam róluk a médiában / környezetemben",Alkalmazott / (Köz) Foglalkoztatott / Segítő,300000,,,,7,7,7,6,5,5,4,2,7,7,6,5,7,2,2,1
16/08/2026 17:28:09,44,Férfi,9072,Érettségi (középiskola),22,Főtörzsőrmester,"Láttam már, vagy hallottam róluk a médiában / környezetemben",Alkalmazott / (Köz) Foglalkoztatott / Segítő,520000,Nagyvállalat (250+ fő),Külföldi tulajdonú / Nemzetközi (multi),KFT (Korlátolt felelősségű társaság),7,6,7,5,5,6,6,4,7,7,7,5,4,3,5,2
16/08/2026 17:42:57,60,Férfi,4220,"Felsőfokú végzettség (diploma, BSc/BA, MSc/MA)",9,Főhadnagy,Kezeltem már drónt rövidebb ideig (pl. ismerősnél),Alkalmazott / (Köz) Foglalkoztatott / Segítő,350000,Középvállalkozás (50–249 fő),Állami-közszféra,"Tankerület , oktatás",7,7,7,6,4,5,2,2,6,7,6,6,6,3,1,1
16/08/2026 18:11:14,20,Nő,2151,Szakiskola / Szakmunkásképző,0,Őrvezető ,Kezeltem már drónt rövidebb ideig (pl. ismerősnél),Egyéni vállalkozó,X,,,,7,5,6,5,5,4,7,3,5,6,4,6,6,4,5,7
16/08/2026 18:19:58,51,Nő,5200,Érettségi (középiskola),2,Őrvezető ,"Láttam már, vagy hallottam róluk a médiában / környezetemben",Alkalmazott / (Köz) Foglalkoztatott / Segítő,175000,Nagyvállalat (250+ fő),Állami-közszféra,Kormányhivatal,7,7,7,4,7,7,7,5,7,7,7,7,7,7,7,7
16/08/2026 18:24:40,41,Nő,2377,"Felsőfokú végzettség (diploma, BSc/BA, MSc/MA)",1,Őrvezető,Kezeltem már drónt rövidebb ideig (pl. ismerősnél),Alkalmazott / (Köz) Foglalkoztatott / Segítő,700000,Nagyvállalat (250+ fő),Külföldi tulajdonú / Nemzetközi (multi),KFT (Korlátolt felelősségű társaság),6,6,6,6,7,5,6,4,5,4,2,3,5,4,5,5
16/08/2026 18:35:37,30,Nő,6000,"Felsőfokú végzettség (diploma, BSc/BA, MSc/MA)",6,Őrmester,"Láttam már, vagy hallottam róluk a médiában / környezetemben",Inaktív,640000,Nagyvállalat (250+ fő),Állami-közszféra,hm,7,5,7,1,7,7,5,6,6,3,2,2,5,3,5,2
16/08/2026 18:36:48,49,Nő,9241,Szakiskola / Szakmunkásképző,5,Szakaszvezető ,"Láttam már, vagy hallottam róluk a médiában / környezetemben",Alkalmazott / (Köz) Foglalkoztatott / Segítő,150000,Mikrovállalkozás (1–9 fő),Külföldi tulajdonú / Nemzetközi (multi),KFT (Korlátolt felelősségű társaság),7,7,7,3,7,7,4,7,7,7,3,1,6,4,7,4
16/08/2026 20:31:50,54,Nő,1225,Szakiskola / Szakmunkásképző,8,Őrvezető ,Kezeltem már drónt rövidebb ideig (pl. ismerősnél),Alkalmazott / (Köz) Foglalkoztatott / Segítő,450000,Kisvállalkozás (10–49 fő),Állami-közszféra,,7,7,7,1,1,1,1,1,7,1,1,7,5,7,7,5
16/08/2026 20:33:44,59,Férfi,9900,Szakiskola / Szakmunkásképző,0,Szakaszvezető ,Soha nem találkoztam / nem foglalkoztam velük,Alkalmazott / (Köz) Foglalkoztatott / Segítő,700000,Nagyvállalat (250+ fő),Külföldi tulajdonú / Nemzetközi (multi),KFT (Korlátolt felelősségű társaság),7,2,6,1,7,7,4,4,7,7,7,7,5,5,6,5
16/08/2026 20:51:10,59,Férfi,6762,Érettségi (középiskola),7,Főtörzsőrmester,Kezeltem már drónt rövidebb ideig (pl. ismerősnél),Egyéni vállalkozó,520000,Mikrovállalkozás (1–9 fő),Magyar tulajdonú,EV (Egyéni vállalkozó),7,7,7,4,4,4,5,5,7,6,6,4,7,5,5,1
16/08/2026 20:58:27,31,Férfi,4121,Érettségi (középiskola),8,Főtörzsőrmester ,Rendszeresen használok drónt (pl. hobby vagy munka céljából),Alkalmazott / (Köz) Foglalkoztatott / Segítő,480000,Nagyvállalat (250+ fő),Állami-közszféra,Egészségügy ,7,7,7,4,7,7,6,6,5,5,5,2,3,3,4,5
16/08/2026 21:01:31,49,Férfi,2317,"Felsőfokú végzettség (diploma, BSc/BA, MSc/MA)",1,Őrvezető,"Láttam már, vagy hallottam róluk a médiában / környezetemben",Alkalmazott / (Köz) Foglalkoztatott / Segítő,1000000,Középvállalkozás (50–249 fő),Külföldi tulajdonú / Nemzetközi (multi),KFT (Korlátolt felelősségű társaság),7,7,7,4,7,1,1,3,7,7,4,4,7,5,5,1
16/08/2026 21:01:39,45,Férfi,4144,Érettségi (középiskola),1,Közkatona,Kezeltem már drónt rövidebb ideig (pl. ismerősnél),Alkalmazott / (Köz) Foglalkoztatott / Segítő,760000,Nagyvállalat (250+ fő),Külföldi tulajdonú / Nemzetközi (multi),KFT (Korlátolt felelősségű társaság),7,7,7,7,7,7,1,1,4,2,2,1,2,1,1,7
16/08/2026 21:42:35,52,Férfi,1097,Érettségi (középiskola),2,Szakaszvezető,"Láttam már, vagy hallottam róluk a médiában / környezetemben",Alkalmazott / (Köz) Foglalkoztatott / Segítő,X,Kisvállalkozás (10–49 fő),Állami-közszféra,KFT (Korlátolt felelősségű társaság),7,6,7,6,7,5,7,7,6,6,7,5,5,5,4,7
16/08/2026 22:21:21,48,Férfi,7100,"Felsőfokú végzettség (diploma, BSc/BA, MSc/MA)",6,Hadnagy,Kezeltem már drónt rövidebb ideig (pl. ismerősnél),Alkalmazott / (Köz) Foglalkoztatott / Segítő,0,Nagyvállalat (250+ fő),Állami-közszféra,RT (Részvénytársaság),7,7,7,4,2,6,2,2,7,6,4,6,7,6,2,5
16/08/2026 22:45:10,20,Férfi,2473,Érettségi (középiskola),3,Szakaszvezető,Rendszeresen használok drónt (pl. hobby vagy munka céljából),Alkalmazott / (Köz) Foglalkoztatott / Segítő,X,Középvállalkozás (50–249 fő),Állami-közszféra,Állami szerv,7,6,7,5,6,6,3,4,6,7,7,7,4,5,2,1
16/08/2026 23:52:02,65,Nő,1098,"Felsőfokú végzettség (diploma, BSc/BA, MSc/MA)",3,Szakaszvezető,Kezeltem már drónt rövidebb ideig (pl. ismerősnél),Alkalmazott / (Köz) Foglalkoztatott / Segítő,540000,Nagyvállalat (250+ fő),Állami-közszféra,Önkormányzat ,7,7,7,6,4,4,5,4,6,7,7,6,5,5,5,5
17/08/2026 00:15:18,45,Férfi,7627,Érettségi (középiskola),3,Őrmester ,Rendszeresen használok drónt (pl. hobby vagy munka céljából),Társas vállalkozó,700000,Középvállalkozás (50–249 fő),Magyar tulajdonú,RT (Részvénytársaság),7,5,7,4,2,2,2,2,7,7,7,7,4,1,1,1
17/08/2026 06:28:28,23,Férfi,1016,Érettségi (középiskola),4,Őrmester ,Rendszeresen használok drónt (pl. hobby vagy munka céljából),Munkanélküli,0,,,,7,7,7,4,7,7,4,5,7,7,7,7,7,4,7,4
17/08/2026 10:57:15,43,Férfi,1081,Szakiskola / Szakmunkásképző,1,Őrvezető,Kezeltem már drónt rövidebb ideig (pl. ismerősnél),Alkalmazott / (Köz) Foglalkoztatott / Segítő,430000,Nagyvállalat (250+ fő),Magyar tulajdonú,KFT (Korlátolt felelősségű társaság),7,3,7,4,7,7,1,3,7,7,5,3,7,1,5,7
17/08/2026 11:04:07,72,Férfi,8000,"Felsőfokú végzettség (diploma, BSc/BA, MSc/MA)",30,Ezredes,Kezeltem már drónt rövidebb ideig (pl. ismerősnél),Inaktív,300000,,,,7,7,7,5,3,4,4,4,6,6,4,5,5,2,3,3
17/08/2026 11:13:29,50,Férfi,2481,"Felsőfokú végzettség (diploma, BSc/BA, MSc/MA)",1,Szakaszvezető,Kezeltem már drónt rövidebb ideig (pl. ismerősnél),Alkalmazott / (Köz) Foglalkoztatott / Segítő,1,Nagyvállalat (250+ fő),Külföldi tulajdonú / Nemzetközi (multi),x,7,5,4,6,7,2,3,4,6,6,5,5,7,4,5,5
17/08/2026 20:46:11,22,Férfi,3950,Érettségi (középiskola),1,Szakaszvezető,"Láttam már, vagy hallottam róluk a médiában / környezetemben",Alkalmazott / (Köz) Foglalkoztatott / Segítő,600000,Középvállalkozás (50–249 fő),Magyar tulajdonú,KFT (Korlátolt felelősségű társaság),7,7,7,6,5,4,4,5,6,7,7,7,6,5,5,3
18/08/2026 07:58:42,33,Férfi,7100,"Felsőfokú végzettség (diploma, BSc/BA, MSc/MA)",5,Főhadnagy ,"Láttam már, vagy hallottam róluk a médiában / környezetemben",Alkalmazott / (Köz) Foglalkoztatott / Segítő,300000,,Állami-közszféra,,7,4,6,6,4,4,4,5,6,6,6,4,4,4,5,2
18/08/2026 10:35:16,58,Férfi,7627,Szakiskola / Szakmunkásképző,2,Szakaszvezető,Rendszeresen használok drónt (pl. hobby vagy munka céljából),Társas vállalkozó,400000,Kisvállalkozás (10–49 fő),Magyar tulajdonú,KFT (Korlátolt felelősségű társaság),7,7,7,4,7,7,7,7,7,7,7,6,7,3,7,6
18/08/2026 11:17:52,45,Férfi,5356,"Felsőfokú végzettség (diploma, BSc/BA, MSc/MA)",0,Alhadnagy,"Láttam már, vagy hallottam róluk a médiában / környezetemben",Alkalmazott / (Köz) Foglalkoztatott / Segítő,800000,Kisvállalkozás (10–49 fő),Külföldi tulajdonú / Nemzetközi (multi),KFT (Korlátolt felelősségű társaság),4,4,5,2,4,5,6,5,5,4,4,4,5,6,5,6
18/08/2026 12:00:59,42,Férfi,3300,Érettségi (középiskola),4,Főtörzsőrmester,Rendszeresen használok drónt (pl. hobby vagy munka céljából),Egyéni vállalkozó,0,Mikrovállalkozás (1–9 fő),Magyar tulajdonú,KFT (Korlátolt felelősségű társaság),7,7,7,5,5,5,4,2,6,4,4,2,6,4,4,3
18/08/2026 15:48:55,59,Férfi,3780,Szakiskola / Szakmunkásképző,1,Szakaszvezető,"Láttam már, vagy hallottam róluk a médiában / környezetemben",Alkalmazott / (Köz) Foglalkoztatott / Segítő,500000,Középvállalkozás (50–249 fő),Magyar tulajdonú,KFT (Korlátolt felelősségű társaság),7,7,7,5,7,7,6,5,4,6,7,1,6,4,5,7
19/08/2026 10:00:00,43,Nő,9011,"Felsőfokú végzettség (diploma, BSc/BA, MSc/MA)",2,Őrmester,"Láttam már, vagy hallottam róluk a médiában / környezetemben",Alkalmazott / (Köz) Foglalkoztatott / Segítő,900000,Nagyvállalat (250+ fő),Külföldi tulajdonú / Nemzetközi (multi),Egyesület ,5,6,6,5,7,6,5,5,6,6,5,6,5,4,6,5
19/08/2026 10:34:00,44,Férfi,7130,Szakiskola / Szakmunkásképző,5,Szakaszvezető,Kezeltem már drónt rövidebb ideig (pl. ismerősnél),Munkanélküli,300000,,,,4,2,7,6,7,4,4,4,5,7,5,5,4,4,7,4
19/08/2026 10:54:12,57,Férfi,5430,"Felsőfokú végzettség (diploma, BSc/BA, MSc/MA)",4,Főhadnagy,"Láttam már, vagy hallottam róluk a médiában / környezetemben",Alkalmazott / (Köz) Foglalkoztatott / Segítő,600000,Nagyvállalat (250+ fő),Állami-közszféra,MH,7,7,7,5,7,5,1,1,7,7,7,5,7,1,1,1
19/08/2026 11:21:45,23,Férfi,4030,Érettségi (középiskola),4,Főtörzsőrmester ,"Láttam már, vagy hallottam róluk a médiában / környezetemben",Munkanélküli,0,,,,6,5,5,2,7,6,4,2,7,5,3,1,6,3,3,2
19/08/2026 11:59:38,57,Férfi,3700,"Felsőfokú végzettség (diploma, BSc/BA, MSc/MA)",7,Őrnagy,"Láttam már, vagy hallottam róluk a médiában / környezetemben",Alkalmazott / (Köz) Foglalkoztatott / Segítő,470000,Középvállalkozás (50–249 fő),Állami-közszféra,,7,3,5,3,7,6,4,2,3,5,2,2,4,2,2,1
19/08/2026 12:00:31,58,Férfi,6500,"Felsőfokú végzettség (diploma, BSc/BA, MSc/MA)",9,Főtörzsőrmester,"Láttam már, vagy hallottam róluk a médiában / környezetemben",Alkalmazott / (Köz) Foglalkoztatott / Segítő,700000,Mikrovállalkozás (1–9 fő),Állami-közszféra,Költségvetési szerv,7,7,7,5,5,7,6,6,7,7,6,6,6,5,5,5
19/08/2026 12:09:01,21,Férfi,4034,Érettségi (középiskola),1,Közkatona,Kezeltem már drónt rövidebb ideig (pl. ismerősnél),Inaktív,0,,,,7,7,7,4,7,7,5,4,5,7,4,3,5,1,1,1
19/08/2026 12:17:16,20,Férfi,4034,Érettségi (középiskola),2,Szakaszvezető ,"Láttam már, vagy hallottam róluk a médiában / környezetemben",Alkalmazott / (Köz) Foglalkoztatott / Segítő,350000,Nagyvállalat (250+ fő),Külföldi tulajdonú / Nemzetközi (multi),RT (Részvénytársaság),7,6,7,4,7,7,5,2,7,5,3,5,6,7,5,3
19/08/2026 12:19:57,51,Férfi,6430,"Felsőfokú végzettség (diploma, BSc/BA, MSc/MA)",7,Százados,"Láttam már, vagy hallottam róluk a médiában / környezetemben",Alkalmazott / (Köz) Foglalkoztatott / Segítő,500000,Kisvállalkozás (10–49 fő),Állami-közszféra,Közös Önkormányzati Hivatal,5,6,7,3,7,7,5,4,4,6,6,4,6,6,2,4
19/08/2026 14:10:40,46,Férfi,9400,"Felsőfokú végzettség (diploma, BSc/BA, MSc/MA)",5,Főhadnagy ,Rendszeresen használok drónt (pl. hobby vagy munka céljából),Egyéni vállalkozó,350000,Mikrovállalkozás (1–9 fő),,EV (Egyéni vállalkozó),7,7,6,5,6,7,5,4,6,6,5,5,6,6,4,6
19/08/2026 15:50:00,33,Nő,9021,Szakiskola / Szakmunkásképző,0,Őrvezető,"Láttam már, vagy hallottam róluk a médiában / környezetemben",Inaktív,0,,,,7,7,7,4,7,6,7,6,7,7,5,1,5,5,5,7
19/08/2026 16:29:05,34,Férfi,9200,Szakiskola / Szakmunkásképző,3,Szakaszvezető ,"Láttam már, vagy hallottam róluk a médiában / környezetemben",Alkalmazott / (Köz) Foglalkoztatott / Segítő,800000,Nagyvállalat (250+ fő),Külföldi tulajdonú / Nemzetközi (multi),RT (Részvénytársaság),6,6,6,7,3,4,1,1,6,7,7,7,4,4,1,2
19/08/2026 16:29:07,21,Férfi,9200,Érettségi (középiskola),2,Őrmester,"Láttam már, vagy hallottam róluk a médiában / környezetemben",Alkalmazott / (Köz) Foglalkoztatott / Segítő,570000,Nagyvállalat (250+ fő),Állami-közszféra,,7,6,6,5,7,6,3,3,7,7,5,4,6,2,2,2
19/08/2026 16:40:05,32,Férfi,9027,"Felsőfokú végzettség (diploma, BSc/BA, MSc/MA)",2,Hadnagy,Kezeltem már drónt rövidebb ideig (pl. ismerősnél),Alkalmazott / (Köz) Foglalkoztatott / Segítő,572000,Nagyvállalat (250+ fő),Állami-közszféra,EV (Egyéni vállalkozó),7,4,4,5,7,7,4,4,7,5,4,4,4,3,6,3
20/08/2026 08:55:15,20,Nő,9028,Érettségi (középiskola),1,Őrvezető,Kezeltem már drónt rövidebb ideig (pl. ismerősnél),Munkanélküli,0,,,,7,6,6,7,3,5,2,2,6,7,5,5,6,3,2,2
20/08/2026 08:56:39,45,Férfi,1125,"Felsőfokú végzettség (diploma, BSc/BA, MSc/MA)",0,Közkatona,"Láttam már, vagy hallottam róluk a médiában / környezetemben",Egyéni vállalkozó,250000,Mikrovállalkozás (1–9 fő),Magyar tulajdonú,EV (Egyéni vállalkozó),7,5,5,4,4,6,6,5,7,7,7,7,7,6,6,6
20/08/2026 09:48:00,21,Férfi,2943,Érettségi (középiskola),1,Őrvezető,"Láttam már, vagy hallottam róluk a médiában / környezetemben",Munkanélküli,0,,,,7,7,5,5,6,6,5,3,5,7,5,6,6,4,3,3
20/08/2026 09:50:02,22,Férfi,2943,Szakiskola / Szakmunkásképző,1,Őrvezető,"Láttam már, vagy hallottam róluk a médiában / környezetemben",Munkanélküli,0,,,,7,5,6,6,7,4,3,2,4,7,6,5,7,4,2,3
20/08/2026 11:55:03,20,Férfi,6400,Általános iskola,2,Szakaszvezető ,Rendszeresen használok drónt (pl. hobby vagy munka céljából),Inaktív,X,,,,7,7,7,4,6,6,7,1,7,7,5,2,7,4,1,7
20/08/2026 15:01:25,40,Férfi,1022,"Felsőfokú végzettség (diploma, BSc/BA, MSc/MA)",3,Hadnagy,"Láttam már, vagy hallottam róluk a médiában / környezetemben",Társas vállalkozó,1000000,Kisvállalkozás (10–49 fő),Magyar tulajdonú,RT (Részvénytársaság),7,7,7,5,6,4,4,4,6,6,5,3,6,4,2,5
21/08/2026 17:28:15,27,Nő,7400,Érettségi (középiskola),8,Őrmester,"Láttam már, vagy hallottam róluk a médiában / környezetemben",Alkalmazott / (Köz) Foglalkoztatott / Segítő,X,,Állami-közszféra,,7,5,5,2,6,4,3,4,2,3,2,2,5,3,6,6
24/08/2026 20:30:22,45,Férfi,9026,"Felsőfokú végzettség (diploma, BSc/BA, MSc/MA)",0,Közkatona,"Láttam már, vagy hallottam róluk a médiában / környezetemben",Egyéni vállalkozó,500000,Mikrovállalkozás (1–9 fő),Magyar tulajdonú,KFT (Korlátolt felelősségű társaság),7,4,7,6,1,2,1,4,6,7,4,7,7,1,2,3
25/08/2026 21:21:44,25,Férfi,2114,"Felsőfokú végzettség (diploma, BSc/BA, MSc/MA)",0,Közkatona,Rendszeresen használok drónt (pl. hobby vagy munka céljából),Munkanélküli,0,,,,7,7,7,7,7,6,6,6,7,7,5,6,7,4,2,3
28/08/2026 19:42:52,65,Férfi,6343,Szakiskola / Szakmunkásképző,10,Főtörzsőrmester,"Láttam már, vagy hallottam róluk a médiában / környezetemben",Munkanélküli,140000,,,Nyugdíjas ,7,7,7,5,2,4,2,3,1,7,3,7,2,7,7,7